No.;Nama;NIK;Tgl_Lahir ;Tgl_Masuk;Penjamin;ID_Kelas;Tgl_Keluar;Lama_Inap;Total_Harga
1;ELSA HOSANG;3201012001010000;18/06/1972;01/10/2025;Pribadi;3;05/10/2025;4;6.000.000
2;Salma Salsabilla Rahmadani;3201012001020000;22/09/2005;02/10/2025;Prudential;2;07/10/2025;5;15.000.000
3;Salsabila Dinar Nadya ;3201012001030000;10/01/1964;03/10/2025;BPJS;4;06/10/2025;3;3.600.000
4;Amelia Nabilah;3201012001040000;30/03/1989;04/10/2025;KIS;5;10/10/2025;6;3.900.000
5;Salza Nabilla Putri Maulina;3201012001050000;15/12/1995;05/10/2025;AIA;3;09/10/2025;4;6.000.000
6;Andini Pramudita;3201012001060000;03/07/1957;06/10/2025;Allianz;1;12/10/2025;6;30.000.000
7;Oktaviani Nur Aisah;3201012001070000;25/05/2003;07/10/2025;BPJS;3;08/10/2025;1;1.500.000
8;Kezia Calosabella;3201012001080000;09/11/1981;08/10/2025;Pribadi;5;15/10/2025;7;4.550.000
9;Danela;3201012001090000;02/08/1975;09/10/2025;Pribadi;4;13/10/2025;4;4.800.000
10;Sri Rahayu Utami;3201012001100010;21/10/1968;10/10/2025;Manulife;4;18/10/2025;8;9.600.000
11;Anggel Chandrawati Harianja;3201012001110010;12/02/1990;11/10/2025;BPJS;5;14/10/2025;3;1.950.000
12;Najwa Salsabiila;3201012001120010;18/04/2007;12/10/2025;KIS;5;21/10/2025;9;5.850.000
13;Muhamad Aldian Amsah;3201012001130010;07/09/1987;13/10/2025;Prudential;3;19/10/2025;6;9.000.000
14;Usamawati;3201012001140010;13/05/1961;14/10/2025;AXA;4;17/10/2025;3;3.600.000
15;Septiani Devi Safitri;3201012001150010;26/07/1999;15/10/2025;Allianz;1;22/10/2025;7;35.000.000
;;;;;;;;;
;;;;;;;;;
;;;;;;;;;
;;;;;;;;;
;;;;;;;;;
